[
  {
    "category": "Getting started",
    "label": "Introduction",
    "url": "index.html"
  },{
    "category": "Getting started",
    "label": "Approach",
    "url": "getting-started/approach.html"
  },{
    "category": "Getting started",
    "label": "Changelog",
    "url": "getting-started/changelog.html"
  },{
    "category": "Getting started",
    "label": "Credits",
    "url": "getting-started/credits.html"
  },{
    "category": "Getting started",
    "label": "Customization",
    "url": "getting-started/customization.html"
  },{
    "category": "Getting started",
    "label": "File structures",
    "url": "getting-started/file-structures.html"
  },{
    "category": "Getting started",
    "label": "Gulp",
    "url": "getting-started/gulp.html"
  },{
    "category": "Components",
    "label": "Alerts",
    "url": "components/alerts.html"
  },{
    "category": "Components",
    "label": "Avatars",
    "url": "components/avatars.html"
  },{
    "category": "Components",
    "label": "Badge",
    "url": "components/badge.html"
  },{
    "category": "Components",
    "label": "Breadcrumb",
    "url": "components/breadcrumb.html"
  },{
    "category": "Components",
    "label": "Buttons",
    "url": "components/buttons.html"
  },{
    "category": "Components",
    "label": "Cards",
    "url": "components/cards.html"
  },{
    "category": "Components",
    "label": "Collapse",
    "url": "components/collapse.html"
  },{
    "category": "Components",
    "label": "Dividers",
    "url": "components/dividers.html"
  },{
    "category": "Components",
    "label": "Forms",
    "url": "components/forms.html"
  },{
    "category": "Components",
    "label": "Labels",
    "url": "components/labels.html"
  },{
    "category": "Components",
    "label": "List group",
    "url": "components/list-group.html"
  },{
    "category": "Components",
    "label": "Navs",
    "url": "components/navs.html"
  },{
    "category": "Components",
    "label": "Pagination",
    "url": "components/pagination.html"
  },{
    "category": "Components",
    "label": "Progress",
    "url": "components/progress.html"
  },{
    "category": "Components",
    "label": "Sticky footer",
    "url": "components/sticky-footer.html"
  },{
    "category": "Components",
    "label": "Tables",
    "url": "components/tables.html"
  },{
    "category": "Components",
    "label": "Typography",
    "url": "components/typography.html"
  },{
    "category": "Plugins",
    "label": "Animations",
    "url": "plugins/animations.html"
  },{
    "category": "Plugins",
    "label": "Background video",
    "url": "plugins/background-video.html"
  },{
    "category": "Plugins",
    "label": "Bootstrap Select",
    "url": "plugins/bootstrap-select.html"
  },{
    "category": "Plugins",
    "label": "Bootstrap Tagsinput",
    "url": "plugins/bootstrap-tagsinput.html"
  },{
    "category": "Plugins",
    "label": "Charts",
    "url": "plugins/charts.html"
  },{
    "category": "Plugins",
    "label": "Circles",
    "url": "plugins/circles.html"
  },{
    "category": "Plugins",
    "label": "Clipboard",
    "url": "plugins/clipboard.html"
  },{
    "category": "Plugins",
    "label": "Countdown",
    "url": "plugins/countdown.html"
  },{
    "category": "Plugins",
    "label": "Counters",
    "url": "plugins/counters.html"
  },{
    "category": "Plugins",
    "label": "Cubeportfolio",
    "url": "plugins/cubeportfolio.html"
  },{
    "category": "Plugins",
    "label": "Datatables",
    "url": "plugins/datatables.html"
  },{
    "category": "Plugins",
    "label": "Unfold (Dropdown and others)",
    "url": "plugins/unfold.html"
  },{
    "category": "Plugins",
    "label": "Dropdowns",
    "url": "plugins/unfold.html"
  },{
    "category": "Plugins",
    "label": "Fancybox",
    "url": "plugins/fancybox.html"
  },{
    "category": "Plugins",
    "label": "File attach",
    "url": "plugins/file-attach.html"
  },{
    "category": "Plugins",
    "label": "Flatpickr",
    "url": "plugins/flatpickr.html"
  },{
    "category": "Plugins",
    "label": "Google map",
    "url": "plugins/google-map.html"
  },{
    "category": "Plugins",
    "label": "Go to",
    "url": "plugins/go-to.html"
  },{
    "category": "Plugins",
    "label": "Headers",
    "url": "plugins/headers.html"
  },{
    "category": "Plugins",
    "label": "Header fullscreen",
    "url": "plugins/header-fullscreen.html"
  },{
    "category": "Plugins",
    "label": "Header mega-menu",
    "url": "plugins/header-mega-menu.html"
  },{
    "category": "Plugins",
    "label": "Header searches",
    "url": "plugins/header-searches.html"
  },{
    "category": "Plugins",
    "label": "Icon libraries",
    "url": "plugins/icon-libraries.html"
  },{
    "category": "Plugins",
    "label": "Malihu scrollbar",
    "url": "plugins/malihu-scrollbar.html"
  },{
    "category": "Plugins",
    "label": "Modal window",
    "url": "plugins/modal-window.html"
  },{
    "category": "Plugins",
    "label": "Parallax",
    "url": "plugins/parallax.html"
  },{
    "category": "Plugins",
    "label": "Password strength",
    "url": "plugins/password-strength.html"
  },{
    "category": "Plugins",
    "label": "Scroll effect",
    "url": "plugins/scroll-effect.html"
  },{
    "category": "Plugins",
    "label": "Scroll-nav",
    "url": "plugins/scroll-nav.html"
  },{
    "category": "Plugins",
    "label": "Show-animation",
    "url": "plugins/show-animation.html"
  },{
    "category": "Plugins",
    "label": "Slick carousel",
    "url": "plugins/slick-carousel.html"
  },{
    "category": "Plugins",
    "label": "Social APIs",
    "url": "plugins/social-apis.html"
  },{
    "category": "Components",
    "label": "Step form",
    "url": "plugins/step-form.html"
  },{
    "category": "Components",
    "label": "Wizard form",
    "url": "plugins/wizard-form.html"
  },{
    "category": "Plugins",
    "label": "Sticky block",
    "url": "plugins/sticky-block.html"
  },{
    "category": "Plugins",
    "label": "Summernote WYSIWYG Editor",
    "url": "plugins/summernote.html"
  },{
    "category": "Plugins",
    "label": "SVG",
    "url": "plugins/svg.html"
  },{
    "category": "Plugins",
    "label": "Toggle state",
    "url": "plugins/toggle-state.html"
  },{
    "category": "Plugins",
    "label": "Typed.js",
    "url": "plugins/typedjs.html"
  },{
    "category": "Plugins",
    "label": "Validation",
    "url": "plugins/validation.html"
  },{
    "category": "Plugins",
    "label": "Video player",
    "url": "plugins/video-player.html"
  },{
    "category": "Utilities",
    "label": "Borders",
    "url": "utilities/borders.html"
  },{
    "category": "Utilities",
    "label": "Colors",
    "url": "utilities/colors.html"
  },{
    "category": "Utilities",
    "label": "Content alignments",
    "url": "utilities/content-alignments.html"
  },{
    "category": "Utilities",
    "label": "Links",
    "url": "utilities/links.html"
  },{
    "category": "Utilities",
    "label": "Position",
    "url": "utilities/position.html"
  },{
    "category": "Utilities",
    "label": "Shadows",
    "url": "utilities/shadows.html"
  },{
    "category": "Utilities",
    "label": "Sizing",
    "url": "utilities/sizing.html"
  },{
    "category": "Utilities",
    "label": "Spacing",
    "url": "utilities/spacing.html"
  },{
    "category": "Utilities",
    "label": "Transitions",
    "url": "utilities/transitions.html"
  },{
    "category": "Utilities",
    "label": "Others",
    "url": "utilities/others.html"
  },


  {
    "category": "Getting started",
    "section": "Getting started",
    "label": "Getting started - Quick start",
    "url": "index.html#quick-start"
  },{
    "category": "Getting started",
    "section": "Quick start",
    "label": "Quick start - CSS",
    "url": "index.html#css"
  },{
    "category": "Getting started",
    "section": "Quick start",
    "label": "Quick start - JS",
    "url": "index.html#js"
  },{
    "category": "Getting started",
    "section": "Getting started",
    "label": "Getting started - Starter template",
    "url": "index.html#starter-template"
  },{
    "category": "Getting started",
    "section": "Important globals",
    "label": "Important globals - Important globals",
    "url": "index.html#important-globals"
  },{
    "category": "Getting started",
    "section": "Important globals",
    "label": "Important globals - Starter template",
    "url": "index.html#starter-template"
  },{
    "category": "Getting started",
    "section": "Important globals",
    "label": "Important globals - HTML5 doctype",
    "url": "index.html#html5-doctype"
  },{
    "category": "Getting started",
    "section": "Important globals",
    "label": "Important globals - Responsive meta tag",
    "url": "index.html#responsive-meta-tag"
  },{
    "category": "Getting started",
    "section": "File structures",
    "label": "File structures - Download package",
    "url": "getting-started/file-structures.html#download-package"
  },{
    "category": "Getting started",
    "section": "Download package",
    "label": "Download package - HTML",
    "url": "getting-started/file-structures.html#html"
  },{
    "category": "Getting started",
    "section": "Download package",
    "label": "Download package - Assets",
    "url": "getting-started/file-structures.html#assets"
  },{
    "category": "Getting started",
    "section": "Approach",
    "label": "Approach - Summary",
    "url": "getting-started/approach.html#summary"
  },{
    "category": "Getting started",
    "section": "Approach",
    "label": "Approach - Responsive",
    "url": "getting-started/approach.html#responsive"
  },{
    "category": "Getting started",
    "section": "Approach",
    "label": "Approach - Classes",
    "url": "getting-started/approach.html#classes"
  },{
    "category": "Getting started",
    "section": "Approach",
    "label": "Approach - Z-index scales",
    "url": "getting-started/approach.html#z-index-scales"
  },{
    "category": "Getting started",
    "section": "Approach",
    "label": "Approach - Component elements",
    "url": "getting-started/approach.html#component-elements"
  },{
    "category": "Getting started",
    "section": "Approach",
    "label": "Approach - Overlay components",
    "url": "getting-started/approach.html#overlay-components"
  },{
    "category": "Getting started",
    "section": "Approach",
    "label": "Approach - HTML and CSS over JS",
    "url": "getting-started/approach.html#html-and-css-over-js"
  },{
    "category": "Getting started",
    "section": "Approach",
    "label": "Approach - Utilities",
    "url": "getting-started/approach.html#utilities"
  },{
    "category": "Getting started",
    "section": "Approach",
    "label": "Approach - Flexible html",
    "url": "getting-started/approach.html#flexible-html"
  },{
    "category": "Getting started",
    "section": "Gulp",
    "label": "Gulp - Tooling setup",
    "url": "getting-started/gulp.html#tooling-setup"
  },{
    "category": "Getting started",
    "section": "Getting started",
    "label": "Installations",
    "url": "getting-started/gulp.html#installations"
  },{
    "category": "Getting started",
    "section": "Installations",
    "label": "Installations - Installing Node.js",
    "url": "getting-started/gulp.html#installing-nodejs"
  },{
    "category": "Getting started",
    "section": "Installations",
    "label": "Installations - Installing Gulp.js",
    "url": "getting-started/gulp.html#installing-gulpjs"
  },{
    "category": "Getting started",
    "section": "Installations",
    "label": "Installations - Installing NPM modules",
    "url": "getting-started/gulp.html#installing-npm-modules"
  },{
    "category": "Getting started",
    "section": "Installations",
    "label": "Installations - Run Gulp",
    "url": "getting-started/gulp.html#run-gulp"
  },{
    "category": "Getting started",
    "section": "Installations",
    "label": "Installations - Gulp dist",
    "url": "getting-started/gulp.html#gulp-dist"
  },{
    "category": "Getting started",
    "section": "Gulp",
    "label": "Gulp - Autoprefixer",
    "url": "getting-started/gulp.html#autoprefixer"
  },{
    "category": "Getting started",
    "section": "Customization",
    "label": "Customization - How to include a typeface",
    "url": "getting-started/customization.html#how-to-include-a-typeface"
  },{
    "category": "Getting started",
    "section": "How to include a typeface",
    "label": "How to include a typeface - with SASS",
    "url": "getting-started/customization.html#with-sass"
  },{
    "category": "Getting started",
    "section": "How to include a typeface",
    "label": "How to include a typeface - with CSS",
    "url": "getting-started/customization.html#with-css"
  },{
    "category": "Getting started",
    "section": "Customization",
    "label": "Customization - SASS",
    "url": "getting-started/customization.html#sass"
  },{
    "category": "Getting started",
    "section": "SASS",
    "label": "SASS - Customizing SASS",
    "url": "getting-started/customization.html#customizing-sass"
  },{
    "category": "Getting started",
    "section": "SASS",
    "label": "SASS - Variable defaults",
    "url": "getting-started/customization.html#variable-defaults"
  },{
    "category": "Getting started",
    "section": "SASS",
    "label": "SASS - Maps and loops",
    "url": "getting-started/customization.html#maps-and-loops"
  },{
    "category": "Getting started",
    "section": "SASS",
    "label": "SASS - Modify map",
    "url": "getting-started/customization.html#modify-map"
  },{
    "category": "Getting started",
    "section": "SASS",
    "label": "SASS - Add to map",
    "url": "getting-started/customization.html#add-to-map"
  },{
    "category": "Getting started",
    "section": "Customization",
    "label": "Customization - SASS options",
    "url": "getting-started/customization.html#sass-options"
  },{
    "category": "Getting started",
    "section": "Customization",
    "label": "Customization - Color",
    "url": "getting-started/customization.html#color"
  },{
    "category": "Getting started",
    "section": "Customization",
    "label": "Customization - All color",
    "url": "getting-started/customization.html#all-colors"
  },{
    "category": "Getting started",
    "section": "Customization",
    "label": "Customization - Theme colors",
    "url": "getting-started/customization.html#theme-colors"
  },{
    "category": "Getting started",
    "section": "Customization",
    "label": "Customization - Grays",
    "url": "getting-started/customization.html#grays"
  },{
    "category": "Getting started",
    "section": "Customization",
    "label": "Customization - SASS Components",
    "url": "getting-started/customization.html#sass-components"
  },{
    "category": "Getting started",
    "section": "Customization",
    "label": "Customization - Modifiers",
    "url": "getting-started/customization.html#modifiers"
  },{
    "category": "Getting started",
    "section": "Customization",
    "label": "Customization - Customizing JS",
    "url": "getting-started/customization.html#customizing-js"
  },{
    "category": "Getting started",
    "section": "Customization",
    "label": "Customization - Customizing JS",
    "url": "getting-started/customization.html#customizing-js"
  },{
    "category": "Components",
    "section": "Typography",
    "label": "Typography - Global settings",
    "url": "components/typography.html#global-settings"
  },{
    "category": "Components",
    "section": "Typography",
    "label": "Typography - Headings",
    "url": "components/typography.html#headings"
  },{
    "category": "Components",
    "section": "Headings",
    "label": "Headings - Customizing headings",
    "url": "components/typography.html#customizing-headings"
  },{
    "category": "Components",
    "section": "Typography",
    "label": "Typography - Display headings",
    "url": "components/typography.html#display-headings"
  },{
    "category": "Components",
    "section": "Typography",
    "label": "Typography - Lead",
    "url": "components/typography.html#lead"
  },{
    "category": "Components",
    "section": "Typography",
    "label": "Typography - Inline text elements",
    "url": "components/typography.html#inline-text-elements"
  },{
    "category": "Components",
    "section": "Typography",
    "label": "Typography - Text utilities",
    "url": "components/typography.html#text-utilities"
  },{
    "category": "Components",
    "section": "Typography",
    "label": "Abbreviations",
    "url": "Typography - components/typography.html#abbreviations"
  },{
    "category": "Components",
    "section": "Blockquotes",
    "label": "Blockquotes",
    "url": "components/typography.html#blockquotes"
  },{
    "category": "Components",
    "section": "Blockquotes",
    "label": "Blockquotes - Naming a source",
    "url": "components/typography.html#naming-a-source"
  },{
    "category": "Components",
    "section": "Blockquotes",
    "label": "Blockquotes - Alignment",
    "url": "components/typography.html#alignment"
  },{
    "category": "Components",
    "section": "Typography",
    "label": "Typography - Lists",
    "url": "components/typography.html#lists"
  },{
    "category": "Components",
    "section": "Lists",
    "label": "Lists - Unstyled",
    "url": "components/typography.html#unstyled"
  },{
    "category": "Components",
    "section": "Lists",
    "label": "Lists - Inline",
    "url": "components/typography.html#inline"
  },{
    "category": "Components",
    "section": "Lists",
    "label": "Lists - Description list alignment",
    "url": "components/typography.html#description-list-alignment"
  },{
    "category": "Components",
    "section": "Typography",
    "label": "Typography - Responsive typography",
    "url": "components/typography.html#responsive-typography"
  },{
    "category": "Components",
    "section": "Alerts",
    "label": "Alerts - Examples",
    "url": "components/alerts.html#examples"
  },{
    "category": "Components",
    "section": "Alerts",
    "label": "Alerts - Link color",
    "url": "components/alerts.html#link-color"
  },{
    "category": "Components",
    "section": "Alerts",
    "label": "Alerts - Addition content",
    "url": "components/alerts.html#additional-content"
  },{
    "category": "Components",
    "section": "Alerts",
    "label": "Alerts - Dismissing",
    "url": "components/alerts.html#dismissing"
  },{
    "category": "Components",
    "section": "Alerts",
    "label": "Alerts - JavaScript behavior",
    "url": "components/alerts.html#js-behavior"
  },{
    "category": "Components",
    "section": "Avatars",
    "label": "Avatars - Example",
    "url": "components/avatars.html#example"
  },{
    "category": "Components",
    "section": "Avatars",
    "label": "Avatars - Bordered",
    "url": "components/avatars.html#bordered"
  },{
    "category": "Components",
    "section": "Avatars",
    "label": "Avatars - Bordered",
    "url": "components/avatars.html#bordered"
  },{
    "category": "Components",
    "section": "Badges",
    "label": "Badges - Example",
    "url": "components/badge.html#example"
  },{
    "category": "Components",
    "section": "Badges",
    "label": "Badges - Contextual variations",
    "url": "components/badge.html#contextual-variations"
  },{
    "category": "Components",
    "section": "Badges",
    "label": "Badges - Pill badges",
    "url": "components/badge.html#pill-badges"
  },{
    "category": "Components",
    "section": "Badges",
    "label": "Badges - Links",
    "url": "components/badge.html#links"
  },{
    "category": "Components",
    "section": "Badges",
    "label": "Badges - Front badges",
    "url": "components/badge.html#front-badges"
  },{
    "category": "Components",
    "section": "Badges",
    "label": "Badges - Front examples",
    "url": "components/badge.html#front-examples"
  },{
    "category": "Components",
    "section": "Badges",
    "label": "Badges - Sizes",
    "url": "components/badge.html#sizes"
  },{
    "category": "Components",
    "section": "Badges",
    "label": "Badges - Border style",
    "url": "components/badge.html#border-style"
  },{
    "category": "Components",
    "section": "Badges",
    "label": "Badges - Avatars and badges",
    "url": "components/badge.html#avatar-and-badges"
  },{
    "category": "Components",
    "section": "Breadcrumb",
    "label": "Breadcrumb - Example",
    "url": "components/breadcrumb.html#example"
  },{
    "category": "Components",
    "section": "Breadcrumb",
    "label": "Breadcrumb - Custom example",
    "url": "components/breadcrumb.html#custom-breadcrumb"
  },{
    "category": "Components",
    "section": "Breadcrumb",
    "label": "Breadcrumb - Changing the separator",
    "url": "components/breadcrumb.html#changing-the-separator"
  },{
    "category": "Components",
    "section": "Breadcrumb",
    "label": "Breadcrumb - Accessibility",
    "url": "components/breadcrumb.html#accessibility"
  },{
    "category": "Components",
    "section": "Buttons",
    "label": "Buttons - Button examples",
    "url": "components/buttons.html#examples"
  },{
    "category": "Components",
    "section": "Buttons",
    "label": "Buttons - Button tags",
    "url": "components/buttons.html#button-tags"
  },{
    "category": "Components",
    "section": "Buttons",
    "label": "Buttons - Outline buttons",
    "url": "components/buttons.html#outline-buttons"
  },{
    "category": "Components",
    "section": "Buttons",
    "label": "Buttons - Soft buttons",
    "url": "components/buttons.html#soft-buttons"
  },{
    "category": "Components",
    "section": "Buttons",
    "label": "Buttons - Text buttons",
    "url": "components/buttons.html#text-buttons"
  },{
    "category": "Components",
    "section": "Buttons",
    "label": "Buttons - Icon buttons",
    "url": "components/buttons.html#icon-buttons"
  },{
    "category": "Components",
    "section": "Buttons",
    "label": "Buttons - Sizes",
    "url": "components/buttons.html#sizes"
  },{
    "category": "Components",
    "section": "Buttons",
    "label": "Buttons - Button styles",
    "url": "components/buttons.html#button-styles"
  },{
    "category": "Components",
    "section": "Buttons",
    "label": "Buttons - Active state",
    "url": "components/buttons.html#active-state"
  },{
    "category": "Components",
    "section": "Buttons",
    "label": "Buttons - Disabled state",
    "url": "components/buttons.html#disabled-state"
  },{
    "category": "Components",
    "section": "Buttons",
    "label": "Buttons - Button plugin",
    "url": "components/buttons.html#button-plugin"
  },{
    "category": "Components",
    "section": "Buttons",
    "label": "Buttons - Toggle states",
    "url": "components/buttons.html#toggle-states"
  },{
    "category": "Components",
    "section": "Buttons",
    "label": "Buttons - Checkbox and radio buttons",
    "url": "components/buttons.html#checkbox-and-radio-buttons"
  },{
    "category": "Components",
    "section": "Buttons",
    "label": "Buttons - Methods",
    "url": "components/buttons.html#methods"
  },{
    "category": "Components",
    "section": "Cards",
    "label": "Cards - About",
    "url": "components/cards.html#about"
  },{
    "category": "Components",
    "section": "Cards",
    "label": "Cards - Card frame",
    "url": "components/cards.html#card-frame"
  },{
    "category": "Components",
    "section": "Cards",
    "label": "Cards - Card columns",
    "url": "components/cards.html#card-columns"
  },{
    "category": "Components",
    "section": "Cards",
    "label": "Cards - Highlighted",
    "url": "components/cards.html#highlighted"
  },{
    "category": "Components",
    "section": "Cards",
    "label": "Cards - Card count",
    "url": "components/cards.html#card-count"
  },{
    "category": "Components",
    "section": "Card count",
    "label": "Card count - Example",
    "url": "components/cards.html#card-count-example"
  },{
    "category": "Components",
    "section": "Cards",
    "label": "Cards - Card gutters",
    "url": "components/cards.html#card-gutters"
  },{
    "category": "Components",
    "section": "Card gutters",
    "label": "Card gutters - Examples",
    "url": "components/cards.html#card-gutters-examples"
  },{
    "category": "Components",
    "section": "Cards",
    "label": "Cards - Card group break",
    "url": "components/cards.html#card-group-break"
  },{
    "category": "Components",
    "section": "Card group break",
    "label": "Card group break - Example",
    "url": "components/cards.html#card-group-break-example"
  },{
    "category": "Components",
    "section": "Collapse",
    "label": "Collapse - How it works",
    "url": "components/collapse.html#how-it-works"
  },{
    "category": "Components",
    "section": "Collapse",
    "label": "Collapse - Example",
    "url": "components/collapse.html#example"
  },{
    "category": "Components",
    "section": "Collapse",
    "label": "Collapse - Multiple targets",
    "url": "components/collapse.html#multiple-targets"
  },{
    "category": "Components",
    "section": "Collapse",
    "label": "Collapse - Accordion example",
    "url": "components/collapse.html#accordion-example"
  },{
    "category": "Components",
    "section": "Collapse",
    "label": "Collapse - Accessibility",
    "url": "components/collapse.html#accessibility"
  },{
    "category": "Components",
    "section": "Collapse",
    "label": "Collapse - Usage",
    "url": "components/collapse.html#usage"
  },{
    "category": "Components",
    "section": "Usage",
    "label": "Usage - Via data attributes",
    "url": "components/collapse.html#via-data-attributes"
  },{
    "category": "Components",
    "section": "Collapse",
    "label": "Collapse - JavaScript behavior",
    "url": "components/collapse.html#js-behavior"
  },{
    "category": "Components",
    "section": "Forms",
    "label": "Forms - Overview",
    "url": "components/forms.html#overview"
  },{
    "category": "Components",
    "section": "Forms",
    "label": "Forms - Form controls",
    "url": "components/forms.html#form-controls"
  },{
    "category": "Components",
    "section": "Forms",
    "label": "Forms - Sizing",
    "url": "components/forms.html#sizing"
  },{
    "category": "Components",
    "section": "Forms",
    "label": "Forms - Custom form",
    "url": "components/forms.html#custom-form"
  },{
    "category": "Components",
    "section": "Custom form",
    "label": "Custom form - Borderless",
    "url": "components/forms.html#borderless"
  },{
    "category": "Components",
    "section": "Custom form",
    "label": "Custom form - Pilled form",
    "url": "components/forms.html#pilled-form"
  },{
    "category": "Components",
    "section": "Forms",
    "label": "Forms - Checkbox and radios",
    "url": "components/forms.html#checkbox-and-radios"
  },{
    "category": "Components",
    "section": "Checkbox and radios",
    "label": "Checkbox and radios - Default (stacked)",
    "url": "components/forms.html#default-stacked"
  },{
    "category": "Components",
    "section": "Checkbox and radios",
    "label": "Checkbox and radios - Inline checkbox",
    "url": "components/forms.html#inline-checkbox"
  },{
    "category": "Components",
    "section": "Checkbox and radios",
    "label": "Checkbox and radios - Custom checkbox",
    "url": "components/forms.html#custom-checkbox"
  },{
    "category": "Components",
    "section": "Checkbox and radios",
    "label": "Checkbox and radios - Inline custom checkbox",
    "url": "components/forms.html#inline-custom-checkbox"
  },{
    "category": "Components",
    "section": "Forms",
    "label": "Forms - Input group",
    "url": "components/forms.html#input-group"
  },{
    "category": "Components",
    "section": "Input group",
    "label": "Input group - Input group sizing",
    "url": "components/forms.html#input-group-sizing"
  },{
    "category": "Components",
    "section": "Navs",
    "label": "Navs - Basic example",
    "url": "components/list-group.html#basic-example"
  },{
    "category": "Components",
    "section": "Navs",
    "label": "Navs - Active items",
    "url": "components/list-group.html#active-items"
  },{
    "category": "Components",
    "section": "Navs",
    "label": "Navs - Disabled items",
    "url": "components/list-group.html#disabled-items"
  },{
    "category": "Components",
    "section": "Navs",
    "label": "Navs - Links and buttons",
    "url": "components/list-group.html#links-and-buttons"
  },{
    "category": "Components",
    "section": "Navs",
    "label": "Navs - Rounded class",
    "url": "components/list-group.html#rounded-class"
  },{
    "category": "Components",
    "section": "Navs",
    "label": "Navs - Flush",
    "url": "components/list-group.html#flush"
  },{
    "category": "Components",
    "section": "Navs",
    "label": "Navs - Borderless",
    "url": "components/list-group.html#borderless"
  },{
    "category": "Components",
    "section": "Navs",
    "label": "Navs - Striped",
    "url": "components/list-group.html#striped"
  },{
    "category": "Components",
    "section": "Navs",
    "label": "Navs - Contextual classes",
    "url": "components/list-group.html#contextual-classes"
  },{
    "category": "Components",
    "section": "Navs",
    "label": "Navs - With badges",
    "url": "components/list-group.html#with-badges"
  },{
    "category": "Components",
    "section": "Navs",
    "label": "Navs - Custom content",
    "url": "components/list-group.html#custom-content"
  },{
    "category": "Components",
    "section": "List group",
    "label": "List group - JavaScript behavior",
    "url": "components/list-group.html#js-behavior"
  },{
    "category": "Components",
    "section": "Navs",
    "label": "Navs - Base nav",
    "url": "components/navs.html#base-nav"
  },{
    "category": "Components",
    "section": "Navs",
    "label": "Navs - Available styles",
    "url": "components/navs.html#available-styles"
  },{
    "category": "Components",
    "section": "Available styles",
    "label": "Available styles - Horizontal alignment",
    "url": "components/navs.html#horizontal-alignment"
  },{
    "category": "Components",
    "section": "Available styles",
    "label": "Available styles - Vertical",
    "url": "components/navs.html#vertical"
  },{
    "category": "Components",
    "section": "Available styles",
    "label": "Available styles - Tabs",
    "url": "components/navs.html#tabs"
  },{
    "category": "Components",
    "section": "Available styles",
    "label": "Available styles - Pills",
    "url": "components/navs.html#pills"
  },{
    "category": "Components",
    "section": "Available styles",
    "label": "Available styles - Classic",
    "url": "components/navs.html#classic"
  },{
    "category": "Components",
    "section": "Available styles",
    "label": "Available styles - Shadow",
    "url": "components/navs.html#shadow"
  },{
    "category": "Components",
    "section": "Available styles",
    "label": "Available styles - Rounded",
    "url": "components/navs.html#rounded"
  },{
    "category": "Components",
    "section": "Available styles",
    "label": "Available styles - Fill and justify",
    "url": "components/navs.html#fill-and-justify"
  },{
    "category": "Components",
    "section": "Navs",
    "label": "Navs - Icon style",
    "url": "components/navs.html#icon-style"
  },{
    "category": "Components",
    "section": "Navs",
    "label": "Navs - Working with flex utilities",
    "url": "components/navs.html#working-with-flex-utilities"
  },{
    "category": "Components",
    "section": "Navs",
    "label": "Regarding accessibility",
    "url": "components/navs.html#regarding-accessibility"
  },{
    "category": "Components",
    "section": "Pagination",
    "label": "Pagination - Overview",
    "url": "components/pagination.html#overview"
  },{
    "category": "Components",
    "section": "Pagination",
    "label": "Pagination - Working with icons",
    "url": "components/pagination.html#working-with-icons"
  },{
    "category": "Components",
    "section": "Pagination",
    "label": "Pagination - Disabled and active states",
    "url": "components/pagination.html#disabled-and-active-states"
  },{
    "category": "Components",
    "section": "Pagination",
    "label": "Pagination - Sizing",
    "url": "components/pagination.html#sizing"
  },{
    "category": "Components",
    "section": "Pagination",
    "label": "Pagination - Alignment",
    "url": "components/pagination.html#alignment"
  },{
    "category": "Components",
    "section": "Pagination",
    "label": "Pagination - With pager",
    "url": "components/pagination.html#with-pager"
  },{
    "category": "Components",
    "section": "Progress",
    "label": "Progress - How it works",
    "url": "components/progress.html#how-it-works"
  },{
    "category": "Components",
    "section": "Progress",
    "label": "Progress - Labels",
    "url": "components/progress.html#labels"
  },{
    "category": "Components",
    "section": "Progress",
    "label": "Progress - Height",
    "url": "components/progress.html#height"
  },{
    "category": "Components",
    "section": "Progress",
    "label": "Progress - Vertical progress",
    "url": "components/progress.html#vertical-progress"
  },{
    "category": "Components",
    "section": "Progress",
    "label": "Progress - Backgrounds",
    "url": "components/progress.html#backgrounds"
  },{
    "category": "Components",
    "section": "Progress",
    "label": "Progress - Multiple bars",
    "url": "components/progress.html#multiple-bars"
  },{
    "category": "Components",
    "section": "Progress",
    "label": "Progress - Striped",
    "url": "components/progress.html#striped"
  },{
    "category": "Components",
    "section": "Progress",
    "label": "Progress - Animated progress",
    "url": "components/progress.html#animated-progress"
  },{
    "category": "Components",
    "section": "Animated progress",
    "label": "Animated progress - Horizontal progress",
    "url": "components/progress.html#horizontal-progress"
  },{
    "category": "Components",
    "section": "Animated progress",
    "label": "Animated progress - Animated vertical progress",
    "url": "components/progress.html#animated-vertical-progress"
  },{
    "category": "Components",
    "section": "Tables",
    "label": "Tables - Examples",
    "url": "components/tables.html#examples"
  },{
    "category": "Components",
    "section": "Tables",
    "label": "Tables - Table head options",
    "url": "components/tables.html#table-head-options"
  },{
    "category": "Components",
    "section": "Tables",
    "label": "Tables - Striped rows",
    "url": "components/tables.html#striped-rows"
  },{
    "category": "Components",
    "section": "Tables",
    "label": "Tables - Bordered table",
    "url": "components/tables.html#bordered-table"
  },{
    "category": "Components",
    "section": "Tables",
    "label": "Tables - Borderless table",
    "url": "components/tables.html#borderless-table"
  },{
    "category": "Components",
    "section": "Tables",
    "label": "Tables - Hoverable rows",
    "url": "components/tables.html#hoverable-rows"
  },{
    "category": "Components",
    "section": "Tables",
    "label": "Tables - Small table",
    "url": "components/tables.html#small-table"
  },{
    "category": "Components",
    "section": "Tables",
    "label": "Tables - Contextual classes",
    "url": "components/tables.html#contextual-classes"
  },{
    "category": "Components",
    "section": "Tables",
    "label": "Tables - Captions",
    "url": "components/tables.html#captions"
  },{
    "category": "Components",
    "section": "Tables",
    "label": "Tables - Responsive tables",
    "url": "components/tables.html#responsive-tables"
  },{
    "category": "Components",
    "section": "Responsive tables",
    "label": "Responsive tables - Always responsive",
    "url": "components/tables.html#always-responsive"
  },{
    "category": "Components",
    "section": "Responsive tables",
    "label": "Responsive tables - Breakpoint specific",
    "url": "components/tables.html#breakpoint-specific"
  },{
    "category": "Components",
    "section": "Tables",
    "label": "Tables - Front examples",
    "url": "components/tables.html#examples"
  },{
    "category": "Utilities",
    "section": "Borders",
    "label": "Borders - Border",
    "url": "utilities/borders.html#border"
  },{
    "category": "Utilities",
    "section": "Borders",
    "label": "Borders - Additive",
    "url": "utilities/borders.html#additive"
  },{
    "category": "Utilities",
    "section": "Borders",
    "label": "Borders - Subtractive",
    "url": "utilities/borders.html#subtractive"
  },{
    "category": "Utilities",
    "section": "Borders",
    "label": "Borders - Border color",
    "url": "utilities/borders.html#border-color"
  },{
    "category": "Utilities",
    "section": "Borders",
    "label": "Borders - Border radius",
    "url": "utilities/borders.html#border-radius"
  },{
    "category": "Utilities",
    "section": "Colors",
    "label": "Colors - Color",
    "url": "utilities/colors.html#color"
  },{
    "category": "Utilities",
    "section": "Colors",
    "label": "Colors - Background color",
    "url": "utilities/colors.html#bg-color"
  },{
    "category": "Utilities",
    "section": "Colors",
    "label": "Colors - Background gradient",
    "url": "utilities/colors.html#bg-gradient"
  },{
    "category": "Utilities",
    "section": "Colors",
    "label": "Colors - Background gradient overlay",
    "url": "utilities/colors.html#bg-gradient-overlay"
  },{
    "category": "Utilities",
    "section": "Colors",
    "label": "Colors - Fill color",
    "url": "utilities/colors.html#fill-color"
  },{
    "category": "Utilities",
    "section": "Colors",
    "label": "Colors - Stroke color",
    "url": "utilities/colors.html#stroke-color"
  },{
    "category": "Utilities",
    "section": "Colors",
    "label": "Colors - Stop color",
    "url": "utilities/colors.html#stop-color"
  },{
    "category": "Utilities",
    "section": "Position",
    "label": "Position - Common values",
    "url": "utilities/position.html#common-values"
  },{
    "category": "Utilities",
    "section": "Position",
    "label": "Position - Fixed top",
    "url": "utilities/position.html#fixed-top"
  },{
    "category": "Utilities",
    "section": "Position",
    "label": "Position - Fixed bottom",
    "url": "utilities/position.html#fixed-bottom"
  },{
    "category": "Utilities",
    "section": "Position",
    "label": "Position - Sticky top",
    "url": "utilities/position.html#sticky-top"
  },{
    "category": "Utilities",
    "section": "Position",
    "label": "Position - Responsive classes",
    "url": "utilities/position.html#responsive-classes"
  },{
    "category": "Utilities",
    "section": "Sizing",
    "label": "Sizing - Width classes",
    "url": "utilities/sizing.html#width-classes"
  },{
    "category": "Utilities",
    "section": "Sizing",
    "label": "Sizing - Min width classes",
    "url": "utilities/sizing.html#min-width-classes"
  },{
    "category": "Utilities",
    "section": "Sizing",
    "label": "Sizing - Max width classes",
    "url": "utilities/sizing.html#max-width-classes"
  },{
    "category": "Utilities",
    "section": "Sizing",
    "label": "Sizing - Height classes",
    "url": "utilities/sizing.html#height-classes"
  },{
    "category": "Utilities",
    "section": "Height classes",
    "label": "Height classes - Viewport height classes",
    "url": "utilities/sizing.html#viewport-height-classes"
  },{
    "category": "Utilities",
    "section": "Height classes",
    "label": "Height classes - Height classes",
    "url": "utilities/sizing.html#height-classes"
  },{
    "category": "Utilities",
    "section": "Height classes",
    "label": "Height classes - Min height classes",
    "url": "utilities/sizing.html#min-height-classes"
  },{
    "category": "Utilities",
    "section": "Height classes",
    "label": "Height classes - Height responsive classes",
    "url": "utilities/sizing.html#height-responsive-classes"
  },{
    "category": "Utilities",
    "section": "Spacing",
    "label": "Spacing - How it works",
    "url": "utilities/spacing.html#how-it-works"
  },{
    "category": "Utilities",
    "section": "Spacing",
    "label": "Spacing - Notation",
    "url": "utilities/spacing.html#notation"
  },{
    "category": "Utilities",
    "section": "Spacing",
    "label": "Spacing - Offset spacings",
    "url": "utilities/spacing.html#offset-spacings"
  },{
    "category": "Utilities",
    "section": "Spacing",
    "label": "Spacing - Gutters",
    "url": "utilities/spacing.html#gutters"
  },{
    "category": "Utilities",
    "section": "Spacing",
    "label": "Spacing - Examples",
    "url": "utilities/spacing.html#examples"
  },{
    "category": "Utilities",
    "section": "Spacing",
    "label": "Spacing - Horizontal centering",
    "url": "utilities/spacing.html#horizontal-centering"
  },{
    "category": "Utilities",
    "section": "Others",
    "label": "Others - Background image hero",
    "url": "utilities/others.html#bg-img-hero"
  },{
    "category": "Utilities",
    "section": "Others",
    "label": "Others - Font sizes",
    "url": "utilities/others.html#font-sizes"
  },{
    "category": "Utilities",
    "section": "Others",
    "label": "Others - Line height",
    "url": "utilities/others.html#line-height"
  },{
    "category": "Utilities",
    "section": "Others",
    "label": "Others - Z-index",
    "url": "utilities/others.html#z-index"
  },{
    "category": "Utilities",
    "section": "Others",
    "label": "Others - Overflow",
    "url": "utilities/others.html#overflow"
  },{
    "category": "Utilities",
    "section": "Others",
    "label": "Others - Opacity",
    "url": "utilities/others.html#opacity"
  },{
    "category": "Plugins",
    "section": "Animations",
    "label": "Animations - Animate.css",
    "url": "plugins/animations.html#animate.css"
  },{
    "category": "Plugins",
    "section": "Animate.css",
    "label": "Animate.css - Usage",
    "url": "plugins/animations.html#usage"
  },{
    "category": "Plugins",
    "section": "Animate.css",
    "label": "Animate.css - Animation classes",
    "url": "plugins/animations.html#animation-classes"
  },{
    "category": "Plugins",
    "section": "Animate.css",
    "label": "Animate.css - Usage example",
    "url": "plugins/animations.html#usage-example"
  },{
    "category": "Plugins",
    "section": "Animate.css",
    "label": "Animate.css - Customize",
    "url": "plugins/animations.html#customize"
  },{
    "category": "Plugins",
    "section": "Animations",
    "label": "Animations - On scroll animation",
    "url": "plugins/animations.html#onscroll-animation"
  },{
    "category": "Plugins",
    "section": "On scroll animation",
    "label": "On scroll animation - How to use",
    "url": "plugins/animations.html#how-to-use"
  },{
    "category": "Plugins",
    "section": "On scroll animation",
    "label": "On scroll animation - Basic example",
    "url": "plugins/animations.html#basic-example"
  },{
    "category": "Plugins",
    "section": "On scroll animation",
    "label": "On scroll animation - Examples",
    "url": "plugins/animations.html#onscroll-examples"
  },{
    "category": "Plugins",
    "section": "On scroll animation",
    "label": "On scroll animation - JavaScript behavior",
    "url": "plugins/animations.html#js-behavior"
  },{
    "category": "Plugins",
    "section": "On scroll animation",
    "label": "On scroll animation - Objects",
    "url": "plugins/animations.html#objects"
  },{
    "category": "Plugins",
    "section": "On scroll animation",
    "label": "On scroll animation - Callbacks",
    "url": "plugins/animations.html#callbacks"
  },{
    "category": "Plugins",
    "section": "On scroll animation",
    "label": "On scroll animation - Methods",
    "url": "plugins/animations.html#methods"
  },{
    "category": "Plugins",
    "section": "Background video",
    "label": "Background video - How to use",
    "url": "plugins/background-video.html#how-to-use"
  },{
    "category": "Plugins",
    "section": "Background video",
    "label": "Background video - Basic example",
    "url": "plugins/background-video.html#basic-example"
  },{
    "category": "Plugins",
    "section": "Background video",
    "label": "Background video - JavaScript behavior",
    "url": "plugins/background-video.html#js-behavior"
  },{
    "category": "Plugins",
    "section": "Background video",
    "label": "Background video - Methods",
    "url": "plugins/background-video.html#methods"
  },{
    "category": "Plugins",
    "section": "Bootstrap select",
    "label": "Bootstrap select - How to use",
    "url": "plugins/bootstrap-select.html#how-to-use"
  },{
    "category": "Plugins",
    "section": "Bootstrap select",
    "label": "Bootstrap select - Basic example",
    "url": "plugins/bootstrap-select.html#basic-example"
  },{
    "category": "Plugins",
    "section": "Bootstrap select",
    "label": "Bootstrap select - Select with optgroups",
    "url": "plugins/bootstrap-select.html#select-with-optgroups"
  },{
    "category": "Plugins",
    "section": "Bootstrap select",
    "label": "Bootstrap select - Custom content",
    "url": "plugins/bootstrap-select.html#custom-content"
  },{
    "category": "Plugins",
    "section": "Bootstrap tagsinput",
    "label": "Bootstrap tagsinput - How to use",
    "url": "plugins/bootstrap-tagsinput.html#how-to-use"
  },{
    "category": "Plugins",
    "section": "Bootstrap tagsinput",
    "label": "Bootstrap tagsinput - Basic example",
    "url": "plugins/bootstrap-tagsinput.html#basic-example"
  },{
    "category": "Plugins",
    "section": "Charts",
    "label": "Charts - Area chart",
    "url": "plugins/charts.html#area-chart"
  },{
    "category": "Plugins",
    "section": "Area chart",
    "label": "Area chart - How to use",
    "url": "plugins/charts.html#how-to-use-area-chart"
  },{
    "category": "Plugins",
    "section": "Area chart",
    "label": "Area chart - Basic example",
    "url": "plugins/charts.html#area-chart-basic-example"
  },{
    "category": "Plugins",
    "section": "Area chart",
    "label": "Area chart - JavaScript behavior",
    "url": "plugins/charts.html#area-chart-js-behavior"
  },{
    "category": "Plugins",
    "section": "Area chart",
    "label": "Area chart - Methods",
    "url": "plugins/charts.html#area-chart-methods"
  },{
    "category": "Plugins",
    "section": "Charts",
    "label": "Charts - Bar chart",
    "url": "plugins/charts.html#bar-chart"
  },{
    "category": "Plugins",
    "section": "Bar chart",
    "label": "Bar chart - How to use",
    "url": "plugins/charts.html#bar-chart-how-to-use"
  },{
    "category": "Plugins",
    "section": "Bar chart",
    "label": "Bar chart - Basic example",
    "url": "plugins/charts.html#bar-chart-basic-example"
  },{
    "category": "Plugins",
    "section": "Bar chart",
    "label": "Bar chart - JavaScript behavior",
    "url": "plugins/charts.html#bar-chart-js-behavior"
  },{
    "category": "Plugins",
    "section": "Bar chart",
    "label": "Bar chart - Methods",
    "url": "plugins/charts.html#bar-chart-methods"
  },{
    "category": "Plugins",
    "section": "Circles",
    "label": "Circles - How to use",
    "url": "plugins/circles.html#how-to-use"
  },{
    "category": "Plugins",
    "section": "Circles",
    "label": "Circles - Basic example",
    "url": "plugins/circles.html#basic-example"
  },{
    "category": "Plugins",
    "section": "Circles",
    "label": "Circles - Text class",
    "url": "plugins/circles.html#text-class"
  },{
    "category": "Plugins",
    "section": "Circles",
    "label": "Circles - Colors",
    "url": "plugins/circles.html#colors"
  },{
    "category": "Plugins",
    "section": "Circles",
    "label": "Circles - Size",
    "url": "plugins/circles.html#size"
  },{
    "category": "Plugins",
    "section": "Circles",
    "label": "Circles - Stroke width",
    "url": "plugins/circles.html#stroke-width"
  },{
    "category": "Plugins",
    "section": "Circles",
    "label": "Circles - Stroke linecap",
    "url": "plugins/circles.html#stroke-linecap"
  },{
    "category": "Plugins",
    "section": "Circles",
    "label": "Circles - Max value",
    "url": "plugins/circles.html#max-value"
  },{
    "category": "Plugins",
    "section": "Circles",
    "label": "Circles - Type",
    "url": "plugins/circles.html#type"
  },{
    "category": "Plugins",
    "section": "Circles",
    "label": "Circles - Animation speed",
    "url": "plugins/circles.html#animation-speed"
  },{
    "category": "Plugins",
    "section": "Circles",
    "label": "Circles - Additional text",
    "url": "plugins/circles.html#additional-text"
  },{
    "category": "Plugins",
    "section": "Circles",
    "label": "Circles - Hide value",
    "url": "plugins/circles.html#hide-value"
  },{
    "category": "Plugins",
    "section": "Circles",
    "label": "Circles - Secondary text",
    "url": "plugins/circles.html#secondary-text"
  },{
    "category": "Plugins",
    "section": "Circles",
    "label": "Circles - JavaScript behavior",
    "url": "plugins/circles.html#js-behavior"
  },{
    "category": "Plugins",
    "section": "Circles",
    "label": "Circles - Methods",
    "url": "plugins/circles.html#methods"
  },{
    "category": "Plugins",
    "section": "Clipboard",
    "label": "Clipboard - How to use",
    "url": "plugins/countdown.html#how-to-use"
  },{
    "category": "Plugins",
    "section": "Clipboard",
    "label": "Clipboard - Basic examples",
    "url": "plugins/countdown.html#basic-examples"
  },{
    "category": "Plugins",
    "section": "Clipboard",
    "label": "Clipboard - JavaScript behavior",
    "url": "plugins/countdown.html#js-behavior"
  },{
    "category": "Plugins",
    "section": "Clipboard",
    "label": "Clipboard - Methods",
    "url": "plugins/countdown.html#methods"
  },{
    "category": "Plugins",
    "section": "Countdown",
    "label": "Countdown - How to use",
    "url": "plugins/countdown.html#how-to-use"
  },{
    "category": "Plugins",
    "section": "Countdown",
    "label": "Countdown - Basic example",
    "url": "plugins/countdown.html#basic-example"
  },{
    "category": "Plugins",
    "section": "Countdown",
    "label": "Countdown - JavaScript behavior",
    "url": "plugins/countdown.html#js-behavior"
  },{
    "category": "Plugins",
    "section": "Countdown",
    "label": "Countdown - Methods",
    "url": "plugins/countdown.html#methods"
  },{
    "category": "Plugins",
    "section": "Counters",
    "label": "Counters - How to use",
    "url": "plugins/counters.html#how-to-use"
  },{
    "category": "Plugins",
    "section": "Counters",
    "label": "Counters - Basic example",
    "url": "plugins/counters.html#basic-example"
  },{
    "category": "Plugins",
    "section": "Counters",
    "label": "Counters - JavaScript behavior",
    "url": "plugins/counters.html#js-behavior"
  },{
    "category": "Plugins",
    "section": "Counters",
    "label": "Counters - Objects",
    "url": "plugins/counters.html#objects"
  },{
    "category": "Plugins",
    "section": "Counters",
    "label": "Counters - Methods",
    "url": "plugins/counters.html#methods"
  },{
    "category": "Plugins",
    "section": "Cubeportfolio",
    "label": "Cubeportfolio - How to use",
    "url": "plugins/cubeportfolio.html#how-to-use"
  },{
    "category": "Plugins",
    "section": "Cubeportfolio",
    "label": "Cubeportfolio - Basic example",
    "url": "plugins/cubeportfolio.html#basic-example"
  },{
    "category": "Plugins",
    "section": "Cubeportfolio",
    "label": "Cubeportfolio - JavaScript behavior",
    "url": "plugins/cubeportfolio.html#js-behavior"
  },{
    "category": "Plugins",
    "section": "Cubeportfolio",
    "label": "Cubeportfolio - Methods",
    "url": "plugins/cubeportfolio.html#methods"
  },{
    "category": "Plugins",
    "section": "Datatables",
    "label": "Datatables - How to use",
    "url": "plugins/datatables.html#how-to-use"
  },{
    "category": "Plugins",
    "section": "Datatables",
    "label": "Datatables - Basic example",
    "url": "plugins/datatables.html#basic-example"
  },{
    "category": "Plugins",
    "section": "Datatables",
    "label": "Datatables - With pagination",
    "url": "plugins/datatables.html#with-pagination"
  },{
    "category": "Plugins",
    "section": "Datatables",
    "label": "Datatables - With search",
    "url": "plugins/datatables.html#with-search"
  },{
    "category": "Plugins",
    "section": "Datatables",
    "label": "Datatables - JavaScript behavior",
    "url": "plugins/datatables.html#js-behavior"
  },{
    "category": "Plugins",
    "section": "Datatables",
    "label": "Datatables - Methods",
    "url": "plugins/datatables.html#methods"
  },{
    "category": "Plugins",
    "section": "Unfold (Dropdown and others)",
    "label": "Unfold (Dropdown and others) - Overview",
    "url": "plugins/unfold.html#overview"
  },{
    "category": "Plugins",
    "section": "Unfold (Dropdown and others)",
    "label": "Unfold (Dropdown and others) - Accessibility",
    "url": "plugins/unfold.html#accessibility"
  },{
    "category": "Plugins",
    "section": "Unfold (Dropdown and others)",
    "label": "Unfold (Dropdown and others) - How to use",
    "url": "plugins/unfold.html#how-to-use"
  },{
    "category": "Plugins",
    "section": "Unfold (Dropdown and others)",
    "label": "Unfold (Dropdown and others) - Basic example",
    "url": "plugins/unfold.html#basic-example"
  },{
    "category": "Plugins",
    "section": "Unfold (Dropdown and others)",
    "label": "Unfold (Dropdown and others) - Single button",
    "url": "plugins/unfold.html#single-button"
  },{
    "category": "Plugins",
    "section": "Unfold (Dropdown and others)",
    "label": "Unfold (Dropdown and others) - Sidebar",
    "url": "plugins/unfold.html#sidebar"
  },{
    "category": "Plugins",
    "section": "Unfold (Dropdown and others)",
    "label": "Unfold (Dropdown and others) - JavaScript behavior",
    "url": "plugins/unfold.html#js-behavior"
  },{
    "category": "Plugins",
    "section": "Unfold (Dropdown and others)",
    "label": "Unfold (Dropdown and others) - Callbacks",
    "url": "plugins/unfold.html#callbacks"
  },{
    "category": "Plugins",
    "section": "Unfold (Dropdown and others)",
    "label": "Unfold (Dropdown and others) - Methods",
    "url": "plugins/unfold.html#methods"
  },{
    "category": "Plugins",
    "section": "FancyBox",
    "label": "FancyBox - How to use",
    "url": "plugins/fancybox.html#how-to-use"
  },{
    "category": "Plugins",
    "section": "FancyBox",
    "label": "FancyBox - Examples",
    "url": "plugins/fancybox.html#examples"
  },{
    "category": "Plugins",
    "section": "FancyBox",
    "label": "FancyBox - Single image",
    "url": "plugins/fancybox.html#single-image"
  },{
    "category": "Plugins",
    "section": "FancyBox",
    "label": "FancyBox - Gallery",
    "url": "plugins/fancybox.html#gallery"
  },{
    "category": "Plugins",
    "section": "FancyBox",
    "label": "FancyBox - Fancybox types",
    "url": "plugins/fancybox.html#fancybox-types"
  },{
    "category": "Plugins",
    "section": "FancyBox",
    "label": "FancyBox - Multiple inner images",
    "url": "plugins/fancybox.html#multiple-inner-images"
  },{
    "category": "Plugins",
    "section": "FancyBox",
    "label": "FancyBox - Multiple inner videos",
    "url": "plugins/fancybox.html#multiple-inner-videos"
  },{
    "category": "Plugins",
    "section": "FancyBox",
    "label": "FancyBox - JavaScript behavior",
    "url": "plugins/fancybox.html#js-behavior"
  },{
    "category": "Plugins",
    "section": "FancyBox",
    "label": "FancyBox - Methods",
    "url": "plugins/fancybox.html#methods"
  },{
    "category": "Plugins",
    "section": "File attach",
    "label": "File attach - How to use",
    "url": "plugins/file-attach.html#how-to-use"
  },{
    "category": "Plugins",
    "section": "File attach",
    "label": "File attach - Basic example",
    "url": "plugins/file-attach.html#basic-example"
  },{
    "category": "Plugins",
    "section": "File attach",
    "label": "File attach - JavaScript behavior",
    "url": "plugins/file-attach.html#js-behavior"
  },{
    "category": "Plugins",
    "section": "File attach",
    "label": "File attach - Methods",
    "url": "plugins/file-attach.html#methods"
  },{
    "category": "Plugins",
    "section": "Flatpickr",
    "label": "Flatpickr - How to use",
    "url": "plugins/flatpickr.html#how-to-use"
  },{
    "category": "Plugins",
    "section": "Flatpickr",
    "label": "Flatpickr - Basic example",
    "url": "plugins/flatpickr.html#basic-example"
  },{
    "category": "Plugins",
    "section": "Flatpickr",
    "label": "Flatpickr - JavaScript behavior",
    "url": "plugins/flatpickr.html#js-behavior"
  },{
    "category": "Plugins",
    "section": "Flatpickr",
    "label": "Flatpickr - Config",
    "url": "plugins/flatpickr.html#config"
  },{
    "category": "Plugins",
    "section": "Flatpickr",
    "label": "Flatpickr - Methods",
    "url": "plugins/flatpickr.html#methods"
  },{
    "category": "Plugins",
    "section": "Google Map",
    "label": "Google Map - How to use",
    "url": "plugins/google-map.html#how-to-use"
  },{
    "category": "Plugins",
    "section": "Google Map",
    "label": "Google Map - API",
    "url": "plugins/google-map.html#api"
  },{
    "category": "Plugins",
    "section": "Google Map",
    "label": "Google Map - Examples",
    "url": "plugins/google-map.html#examples"
  },{
    "category": "Plugins",
    "section": "Google Map",
    "label": "Google Map - Road map",
    "url": "plugins/google-map.html#roadmap"
  },{
    "category": "Plugins",
    "section": "Google Map",
    "label": "Google Map - Satellite",
    "url": "plugins/google-map.html#satellite"
  },{
    "category": "Plugins",
    "section": "Google Map",
    "label": "Google Map - Terrain",
    "url": "plugins/google-map.html#terrain"
  },{
    "category": "Plugins",
    "section": "Google Map",
    "label": "Google Map - Street view",
    "url": "plugins/google-map.html#street-view"
  },{
    "category": "Plugins",
    "section": "Google Map",
    "label": "Google Map - Custom light",
    "url": "plugins/google-map.html#custom-light"
  },{
    "category": "Plugins",
    "section": "Google Map",
    "label": "Google Map - Custom dark",
    "url": "plugins/google-map.html#custom-dark"
  },{
    "category": "Plugins",
    "section": "Google Map",
    "label": "Google Map - Geolocation",
    "url": "plugins/google-map.html#geolocation"
  },{
    "category": "Plugins",
    "section": "Google Map",
    "label": "Google Map - Polygon",
    "url": "plugins/google-map.html#polygon"
  },{
    "category": "Plugins",
    "section": "Google Map",
    "label": "Google Map - Polylines",
    "url": "plugins/google-map.html#polylines"
  },{
    "category": "Plugins",
    "section": "Google Map",
    "label": "Google Map - Routes",
    "url": "plugins/google-map.html#routes"
  },{
    "category": "Plugins",
    "section": "Google Map",
    "label": "Google Map - Geocoding",
    "url": "plugins/google-map.html#geocoding"
  },{
    "category": "Plugins",
    "section": "Google Map",
    "label": "Google Map - Multiple markers",
    "url": "plugins/google-map.html#multiple-markers"
  },{
    "category": "Plugins",
    "section": "Google Map",
    "label": "Google Map - Multiple custom markers and info window",
    "url": "plugins/google-map.html#multiple-custom-markers-and-info-window"
  },{
    "category": "Plugins",
    "section": "Google Map",
    "label": "Google Map - JavaScript behavior",
    "url": "plugins/google-map.html#js-behavior"
  },{
    "category": "Plugins",
    "section": "Google Map",
    "label": "Google Map - Methods",
    "url": "plugins/google-map.html#methods"
  },{
    "category": "Plugins",
    "section": "Go to",
    "label": "Go to - Overview",
    "url": "plugins/go-to.html#overview"
  },{
    "category": "Plugins",
    "section": "Go to",
    "label": "Go to - How to use",
    "url": "plugins/go-to.html#how-to-use"
  },{
    "category": "Plugins",
    "section": "Go to",
    "label": "Go to - Basic example",
    "url": "plugins/go-to.html#basic-example"
  },{
    "category": "Plugins",
    "section": "Go to",
    "label": "Go to - Default Go-to style",
    "url": "plugins/go-to.html#default-go-to-style"
  },{
    "category": "Plugins",
    "section": "Go to",
    "label": "Go to - Referenced to a page",
    "url": "plugins/go-to.html#referenced-to-a-page"
  },{
    "category": "Plugins",
    "section": "Go to",
    "label": "Go to - Modern Go-to style",
    "url": "plugins/go-to.html#modern-go-to-style"
  },{
    "category": "Plugins",
    "section": "Go to",
    "label": "Go to - Vertical arrow Go-to style",
    "url": "plugins/go-to.html#vertical-arrow-go-to-style"
  },{
    "category": "Plugins",
    "section": "Go to",
    "label": "Go to - Wave Go-to style",
    "url": "plugins/go-to.html#wave-go-to-style"
  },{
    "category": "Plugins",
    "section": "Go to",
    "label": "Go to - JavaScript behavior",
    "url": "plugins/go-to.html#js-behavior"
  },{
    "category": "Plugins",
    "section": "Go to",
    "label": "Go to - Methods",
    "url": "plugins/go-to.html#methods"
  },{
    "category": "Plugins",
    "section": "Headers",
    "label": "Headers - How it works",
    "url": "plugins/headers.html#how-it-works"
  },{
    "category": "Plugins",
    "section": "Headers",
    "label": "Headers - How to use",
    "url": "plugins/headers.html#how-to-use"
  },{
    "category": "Plugins",
    "section": "Headers",
    "label": "Headers - Using mega menu with header",
    "url": "plugins/headers.html#using-mega-menu-with-header"
  },{
    "category": "Plugins",
    "section": "Headers",
    "label": "Headers - Using unfold.js with header",
    "url": "plugins/headers.html#using-unfoldjs-with-header"
  },{
    "category": "Plugins",
    "section": "Headers",
    "label": "Headers - Supported content",
    "url": "plugins/headers.html#supported-content"
  },{
    "category": "Plugins",
    "section": "Supported content",
    "label": "Supported content - With dropdown",
    "url": "plugins/headers.html#with-dropdown"
  },{
    "category": "Plugins",
    "section": "Supported content",
    "label": "Supported content - With mega menu",
    "url": "plugins/headers.html#with-mega-menu"
  },{
    "category": "Plugins",
    "section": "Supported content",
    "label": "Supported content - Logo on top",
    "url": "plugins/headers.html#logo-on-top"
  },{
    "category": "Plugins",
    "section": "Supported content",
    "label": "Supported content - Brand",
    "url": "plugins/headers.html#brand"
  },{
    "category": "Plugins",
    "section": "Supported content",
    "label": "Supported content - Topbar",
    "url": "plugins/headers.html#topbar"
  },{
    "category": "Plugins",
    "section": "Supported content",
    "label": "Supported content - Navbar alignments",
    "url": "plugins/headers.html#navbar-alignments"
  },{
    "category": "Plugins",
    "section": "Supported content",
    "label": "Supported content - Navbar horizontal scroll",
    "url": "plugins/headers.html#navbar-horizontal-scrollbar"
  },{
    "category": "Plugins",
    "section": "Supported content",
    "label": "Supported content - One page nav",
    "url": "plugins/headers.html#one-page-nav"
  },{
    "category": "Plugins",
    "section": "Headers",
    "label": "Headers - Color schemes",
    "url": "plugins/headers.html#color-schemes"
  },{
    "category": "Plugins",
    "section": "Color schemes",
    "label": "Color schemes - Transparent",
    "url": "plugins/headers.html#transparent"
  },{
    "category": "Plugins",
    "section": "Color schemes",
    "label": "Color schemes - Submenu",
    "url": "plugins/headers.html#submenu"
  },{
    "category": "Plugins",
    "section": "Headers",
    "label": "Headers - Placement",
    "url": "plugins/headers.html#placement"
  },{
    "category": "Plugins",
    "section": "Headers",
    "label": "Headers - Responsive behaviors",
    "url": "plugins/headers.html#responsive-behaviors"
  },{
    "category": "Plugins",
    "section": "Headers",
    "label": "Headers - JavaScript behavior",
    "url": "plugins/headers.html#js-behavior"
  },{
    "category": "Plugins",
    "section": "Headers",
    "label": "Headers - Methods",
    "url": "plugins/headers.html#methods"
  },{
    "category": "Plugins",
    "section": "Headers",
    "label": "Headers - Placement classes",
    "url": "plugins/headers.html#placement-classes"
  },{
    "category": "Plugins",
    "section": "Headers",
    "label": "Headers - Behaviors",
    "url": "plugins/headers.html#behaviors"
  },{
    "category": "Plugins",
    "section": "Headers",
    "label": "Headers - Behavior examples",
    "url": "plugins/headers.html#behavior-examples"
  },{
    "category": "Plugins",
    "section": "Headers",
    "label": "Headers - Behavior classes",
    "url": "plugins/headers.html#behavior-classes"
  },{
    "category": "Plugins",
    "section": "Header Mega menu",
    "label": "Header Mega menu - How it works",
    "url": "plugins/header-mega-menu.html#how-it-works"
  },{
    "category": "Plugins",
    "section": "Header Mega menu",
    "label": "Header Mega menu - How to use",
    "url": "plugins/header-mega-menu.html#how-to-use"
  },{
    "category": "Plugins",
    "section": "Header Mega menu",
    "label": "Header Mega menu - Examples",
    "url": "plugins/header-mega-menu.html#examples"
  },{
    "category": "Plugins",
    "section": "Header Mega menu",
    "label": "Header Mega menu - Basic",
    "url": "plugins/header-mega-menu.html#basic"
  },{
    "category": "Plugins",
    "section": "Header Mega menu",
    "label": "Header Mega menu - Columns",
    "url": "plugins/header-mega-menu.html#columns"
  },{
    "category": "Plugins",
    "section": "Header Mega menu",
    "label": "Header Mega menu - Interactive styles",
    "url": "plugins/header-mega-menu.html#interactive-styles"
  },{
    "category": "Plugins",
    "section": "Header Mega menu",
    "label": "Header Mega menu - Animation",
    "url": "plugins/header-mega-menu.html#animation"
  },{
    "category": "Plugins",
    "section": "Header Mega menu",
    "label": "Header Mega menu - Alignment",
    "url": "plugins/header-mega-menu.html#alignment"
  },{
    "category": "Plugins",
    "section": "Header Mega menu",
    "label": "Header Mega menu - Event",
    "url": "plugins/header-mega-menu.html#event"
  },{
    "category": "Plugins",
    "section": "Header Mega menu",
    "label": "Header Mega menu - Responsive",
    "url": "plugins/header-mega-menu.html#responsive"
  },{
    "category": "Plugins",
    "section": "Header Mega menu",
    "label": "Header Mega menu - JavaScript behavior",
    "url": "plugins/header-mega-menu.html#js-behavior"
  },{
    "category": "Plugins",
    "section": "Header Mega menu",
    "label": "Header Mega menu - Config",
    "url": "plugins/header-mega-menu.html#config"
  },{
    "category": "Plugins",
    "section": "Header Mega menu",
    "label": "Header Mega menu - Callbacks",
    "url": "plugins/header-mega-menu.html#callbacks"
  },{
    "category": "Plugins",
    "section": "Header Mega menu",
    "label": "Header Mega menu - Methods",
    "url": "plugins/header-mega-menu.html#methods"
  },{
    "category": "Plugins",
    "section": "Header Fullscreen",
    "label": "Header Fullscreen - How to use",
    "url": "plugins/header-fullscreen.html#how-to-use"
  },{
    "category": "Plugins",
    "section": "Header Fullscreen",
    "label": "Header Fullscreen - Example",
    "url": "plugins/header-fullscreen.html#example"
  },{
    "category": "Plugins",
    "section": "Header Fullscreen",
    "label": "Header Fullscreen - Basic",
    "url": "plugins/header-fullscreen.html#basic"
  },{
    "category": "Plugins",
    "section": "Header Fullscreen",
    "label": "Header Fullscreen - Subnav",
    "url": "plugins/header-fullscreen.html#subnav"
  },{
    "category": "Plugins",
    "section": "Header Fullscreen",
    "label": "Header Fullscreen - Placement",
    "url": "plugins/header-fullscreen.html#placement"
  },{
    "category": "Plugins",
    "section": "Header Fullscreen",
    "label": "Header Fullscreen - JavaScript behavior",
    "url": "plugins/header-fullscreen.html#js-behavior"
  },{
    "category": "Plugins",
    "section": "Header Fullscreen",
    "label": "Header Fullscreen - Callbacks",
    "url": "plugins/header-fullscreen.html#callbacks"
  },{
    "category": "Plugins",
    "section": "Header Fullscreen",
    "label": "Header Fullscreen - Methods",
    "url": "plugins/header-fullscreen.html#methods"
  },{
    "category": "Plugins",
    "section": "Header Searches",
    "label": "Header Searches - Search push from top",
    "url": "plugins/header-searches.html#search-push-from-top"
  },{
    "category": "Plugins",
    "section": "Header Searches",
    "label": "Header Searches - Classic search",
    "url": "plugins/header-searches.html#classic-search"
  },{
    "category": "Plugins",
    "section": "Icon libraries",
    "label": "Icon libraries - Custom SVG icons",
    "url": "plugins/icon-libraries.html#custom-svg-icons"
  },{
    "category": "Plugins",
    "section": "Icon libraries",
    "label": "Icon libraries - How to use",
    "url": "plugins/icon-libraries.html#how-to-use"
  },{
    "category": "Plugins",
    "section": "Icon libraries",
    "label": "Icon libraries - Examples",
    "url": "plugins/icon-libraries.html#examples"
  },{
    "category": "Plugins",
    "section": "Icon libraries",
    "label": "Icon libraries - Font Awesome 5",
    "url": "plugins/icon-libraries.html#font-awesome-5"
  },{
    "category": "Plugins",
    "section": "Font Awesome 5",
    "label": "Font Awesome 5 - How to use",
    "url": "plugins/icon-libraries.html#how-to-use-font-awesome-5"
  },{
    "category": "Plugins",
    "section": "Malihu scrollbar",
    "label": "Malihu scrollbar - How to use",
    "url": "plugins/malihu-scrollbar.html#how-to-use"
  },{
    "category": "Plugins",
    "section": "Malihu scrollbar",
    "label": "Malihu scrollbar - Basic example",
    "url": "plugins/malihu-scrollbar.html#basic-example"
  },{
    "category": "Plugins",
    "section": "Malihu scrollbar",
    "label": "Malihu scrollbar - JavaScript behavior",
    "url": "plugins/malihu-scrollbar.html#js-behavior"
  },{
    "category": "Plugins",
    "section": "Malihu scrollbar",
    "label": "Malihu scrollbar - Methods",
    "url": "plugins/malihu-scrollbar.html#methods"
  },{
    "category": "Plugins",
    "section": "Modal window",
    "label": "Modal window - How to use",
    "url": "plugins/modal-window.html#how-to-use"
  },{
    "category": "Plugins",
    "section": "Modal window",
    "label": "Modal window - Basic example",
    "url": "plugins/modal-window.html#basic-example"
  },{
    "category": "Plugins",
    "section": "Modal window",
    "label": "Modal window - Animation options",
    "url": "plugins/modal-window.html#animation-options"
  },{
    "category": "Plugins",
    "section": "Modal window",
    "label": "Modal window - Situation options",
    "url": "plugins/modal-window.html#situation-options"
  },{
    "category": "Plugins",
    "section": "Modal window",
    "label": "Modal window - JavaScript behavior",
    "url": "plugins/modal-window.html#js-behavior"
  },{
    "category": "Plugins",
    "section": "Modal window",
    "label": "Modal window - Methods",
    "url": "plugins/modal-window.html#methods"
  },{
    "category": "Plugins",
    "section": "Parallax",
    "label": "Parallax - How to use",
    "url": "plugins/parallax.html#how-to-use"
  },{
    "category": "Plugins",
    "section": "Parallax",
    "label": "Parallax - Basic example",
    "url": "plugins/parallax.html#basic-example"
  },{
    "category": "Plugins",
    "section": "Password strength",
    "label": "Password strength - How to use",
    "url": "plugins/password-strength.html#how-to-use"
  },{
    "category": "Plugins",
    "section": "Password strength",
    "label": "Password strength - Basic example",
    "url": "plugins/password-strength.html#basic-example"
  },{
    "category": "Plugins",
    "section": "Password strength",
    "label": "Password strength - JavaScript behavior",
    "url": "plugins/password-strength.html#js-behavior"
  },{
    "category": "Plugins",
    "section": "Password strength",
    "label": "Password strength - Methods",
    "url": "plugins/password-strength.html#methods"
  },{
    "category": "Plugins",
    "section": "Range Slider",
    "label": "Range slider - How to use",
    "url": "plugins/range-slider.html#how-to-use"
  },{
    "category": "Plugins",
    "section": "Range Slider",
    "label": "Range slider - Examples",
    "url": "plugins/range-slider.html#examples"
  },{
    "category": "Plugins",
    "section": "Examples",
    "label": "Range slider - Basic parameters",
    "url": "plugins/range-slider.html#basic-parameters"
  },{
    "category": "Plugins",
    "section": "Examples",
    "label": "Range slider - Set up range and step",
    "url": "plugins/range-slider.html#set-up-range-and-step"
  },{
    "category": "Plugins",
    "section": "Examples",
    "label": "Range slider - Select required amount",
    "url": "plugins/range-slider.html#select-required-amount"
  },{
    "category": "Plugins",
    "section": "Examples",
    "label": "Range slider - Range with Bar charts",
    "url": "plugins/range-slider.html#range-with-bar-charts"
  },{
    "category": "Plugins",
    "section": "Examples",
    "label": "Range slider - Range with Area charts",
    "url": "plugins/range-slider.html#range-with-area-charts"
  },{
    "category": "Plugins",
    "section": "Range Slider",
    "label": "Range slider - JavaScript behavior",
    "url": "plugins/range-slider.html#js-behavior"
  },{
    "category": "Plugins",
    "section": "Range Slider",
    "label": "Range slider - Methods",
    "url": "plugins/range-slider.html#methods"
  },{
    "category": "Plugins",
    "section": "Scroll effect",
    "label": "Scroll effect - How to use",
    "url": "plugins/scroll-effect.html#how-to-use"
  },{
    "category": "Plugins",
    "section": "Scroll effect",
    "label": "Scroll effect - Basic example",
    "url": "plugins/scroll-effect.html#basic-example"
  },{
    "category": "Plugins",
    "section": "Scroll effect",
    "label": "Scroll effect - JavaScript behavior",
    "url": "plugins/scroll-effect.html#js-behavior"
  },{
    "category": "Plugins",
    "section": "Scroll effect",
    "label": "Scroll effect - Methods",
    "url": "plugins/scroll-effect.html#methods"
  },{
    "category": "Plugins",
    "section": "Scroll nav",
    "label": "Scroll nav - How to use",
    "url": "plugins/scroll-nav.html#how-to-use"
  },{
    "category": "Plugins",
    "section": "Scroll nav",
    "label": "Scroll nav - Basic example",
    "url": "plugins/scroll-nav.html#basic-example"
  },{
    "category": "Plugins",
    "section": "Scroll nav",
    "label": "Scroll nav - JavaScript behavior",
    "url": "plugins/scroll-nav.html#js-behavior"
  },{
    "category": "Plugins",
    "section": "Scroll nav",
    "label": "Scroll nav - Objects",
    "url": "plugins/scroll-nav.html#objects"
  },{
    "category": "Plugins",
    "section": "Scroll nav",
    "label": "Scroll nav - Callbacks",
    "url": "plugins/scroll-nav.html#callbacks"
  },{
    "category": "Plugins",
    "section": "Scroll nav",
    "label": "Scroll nav - Methods",
    "url": "plugins/scroll-nav.html#methods"
  },{
    "category": "Plugins",
    "section": "Show animation",
    "label": "Show animation - How to use",
    "url": "plugins/show-animation.html#how-to-use"
  },{
    "category": "Plugins",
    "section": "Show animation",
    "label": "Show animation - Basic example",
    "url": "plugins/show-animation.html#basic-example"
  },{
    "category": "Plugins",
    "section": "Show animation",
    "label": "Show animation - JavaScript behavior",
    "url": "plugins/show-animation.html#js-behavior"
  },{
    "category": "Plugins",
    "section": "Show animation",
    "label": "Show animation - Callbacks",
    "url": "plugins/show-animation.html#callbacks"
  },{
    "category": "Plugins",
    "section": "Show animation",
    "label": "Show animation - Methods",
    "url": "plugins/show-animation.html#methods"
  },{
    "category": "Plugins",
    "label": "Step form - How to use",
    "url": "plugins/step-form.html#how-to-use"
  },{
    "category": "Plugins",
    "label": "Step form - Validation",
    "url": "plugins/step-form.html#validation"
  },{
    "category": "Plugins",
    "label": "Step form - Basic example",
    "url": "plugins/step-form.html#basic-example"
  },{
    "category": "Plugins",
    "label": "Step form - JavaScript behavior",
    "url": "plugins/step-form.html#js-behavior"
  },{
    "category": "Plugins",
    "label": "Step form - Config",
    "url": "plugins/step-form.html#config"
  },{
    "category": "Plugins",
    "label": "Step form - Methods",
    "url": "plugins/step-form.html#methods"
  },{
    "category": "Plugins",
    "section": "Stick block",
    "label": "Stick block - Overview",
    "url": "plugins/sticky-block.html#overview"
  },{
    "category": "Plugins",
    "section": "Stick block",
    "label": "Stick block - How to use",
    "url": "plugins/sticky-block.html#how-to-use"
  },{
    "category": "Plugins",
    "section": "Stick block",
    "label": "Stick block - Basic example",
    "url": "plugins/sticky-block.html#basic-example"
  },{
    "category": "Plugins",
    "section": "Stick block",
    "label": "Stick block - JavaScript behavior",
    "url": "plugins/sticky-block.html#js-behavior"
  },{
    "category": "Plugins",
    "section": "Stick block",
    "label": "Stick block - Methods",
    "url": "plugins/sticky-block.html#methods"
  },{
    "category": "Plugins",
    "section": "Summernote WYSIWYG Editor",
    "label": "Summernote WYSIWYG Editor - How to use",
    "url": "plugins/summernote.html#how-to-use"
  },{
    "category": "Plugins",
    "section": "Summernote WYSIWYG Editor",
    "label": "Summernote WYSIWYG Editor - Basic example",
    "url": "plugins/summernote.html#basic-example"
  },{
    "category": "Plugins",
    "section": "Scalable Vector Graphics (SVG)",
    "label": "Scalable Vector Graphics (SVG) - SVGInjector",
    "url": "plugins/svg.html#svg-injector"
  },{
    "category": "Plugins",
    "section": "Scalable Vector Graphics (SVG)",
    "label": "Scalable Vector Graphics (SVG) - Overview",
    "url": "plugins/svg.html#overview"
  },{
    "category": "Plugins",
    "section": "Scalable Vector Graphics (SVG)",
    "label": "Scalable Vector Graphics (SVG) - How it works",
    "url": "plugins/svg.html#how-it-works"
  },{
    "category": "Plugins",
    "section": "Scalable Vector Graphics (SVG)",
    "label": "Scalable Vector Graphics (SVG) - How to use",
    "url": "plugins/svg.html#how-to-use"
  },{
    "category": "Plugins",
    "section": "Scalable Vector Graphics (SVG)",
    "label": "Scalable Vector Graphics (SVG) - Basic example",
    "url": "plugins/svg.html#basic-example"
  },{
    "category": "Plugins",
    "section": "Toggle state",
    "label": "Toggle state - How to use",
    "url": "plugins/toggle-state.html#how-to-use"
  },{
    "category": "Plugins",
    "section": "Toggle state",
    "label": "Toggle state - Basic example",
    "url": "plugins/toggle-state.html#basic-example"
  },{
    "category": "Plugins",
    "section": "Toggle state",
    "label": "Toggle state - JavaScript behavior",
    "url": "plugins/toggle-state.html#js-behavior"
  },{
    "category": "Plugins",
    "section": "Toggle state",
    "label": "Toggle state - Methods",
    "url": "plugins/toggle-state.html#methods"
  },{
    "category": "Plugins",
    "section": "Typed.js",
    "label": "Typed.js - How to use",
    "url": "plugins/typedjs.html#how-to-use"
  },{
    "category": "Plugins",
    "section": "Typed.js",
    "label": "Typed.js - Basic example",
    "url": "plugins/typedjs.html#basic-example"
  },{
    "category": "Plugins",
    "section": "Typed.js",
    "label": "Typed.js - Example #1",
    "url": "plugins/typedjs.html#example-1"
  },{
    "category": "Plugins",
    "section": "Typed.js",
    "label": "Typed.js - Example #2",
    "url": "plugins/typedjs.html#example-2"
  },{
    "category": "Plugins",
    "section": "Typed.js",
    "label": "Typed.js - JavaScript behavior",
    "url": "plugins/typedjs.html#js-behavior"
  },{
    "category": "Plugins",
    "section": "Typed.js",
    "label": "Typed.js - Methods",
    "url": "plugins/typedjs.html#methods"
  },{
    "category": "Plugins",
    "section": "Validation",
    "label": "Validation - How it works",
    "url": "plugins/validation.html#how-it-works"
  },{
    "category": "Plugins",
    "section": "Validation",
    "label": "Validation - How to use",
    "url": "plugins/validation.html#how-to-use"
  },{
    "category": "Plugins",
    "section": "Validation",
    "label": "Validation - Basic example",
    "url": "plugins/validation.html#basic-example"
  },{
    "category": "Plugins",
    "section": "Validation",
    "label": "Validation - JavaScript behavior",
    "url": "plugins/validation.html#js-behavior"
  },{
    "category": "Plugins",
    "section": "Validation",
    "label": "Validation - Callbacks",
    "url": "plugins/validation.html#callbacks"
  },{
    "category": "Plugins",
    "section": "Validation",
    "label": "Validation - Methods",
    "url": "plugins/validation.html#methods"
  },{
    "category": "Plugins",
    "section": "Video player",
    "label": "Video player - Media player",
    "url": "plugins/video-player.html#media-player"
  },{
    "category": "Plugins",
    "section": "Media player",
    "label": "Media player - Example",
    "url": "plugins/video-player.html#example"
  },{
    "category": "Plugins",
    "section": "Media player",
    "label": "Media player - Sizes",
    "url": "plugins/video-player.html#sizes"
  },{
    "category": "Plugins",
    "section": "Media player",
    "label": "Media player - Additional classes",
    "url": "plugins/video-player.html#additional-classes"
  },{
    "category": "Plugins",
    "section": "Video player",
    "label": "Video player - Video player",
    "url": "plugins/video-player.html#video-player"
  },{
    "category": "Plugins",
    "section": "Video player",
    "label": "Video player - Overview",
    "url": "plugins/video-player.html#overview"
  },{
    "category": "Plugins",
    "section": "Video player",
    "label": "Video player - How to use",
    "url": "plugins/video-player.html#how-to-use"
  },{
    "category": "Plugins",
    "section": "Video player",
    "label": "Video player - Basic example",
    "url": "plugins/video-player.html#basic-example"
  },{
    "category": "Plugins",
    "section": "Video player",
    "label": "Video player - JavaScript behavior",
    "url": "plugins/video-player.html#js-behavior"
  },{
    "category": "Plugins",
    "section": "Video player",
    "label": "Video player - Methods",
    "url": "plugins/video-player.html#methods"
  },{
    "category": "Plugins",
    "section": "Social APIs",
    "label": "Social APIs - Instagram",
    "url": "plugins/social-apis.html#instagram"
  },{
    "category": "Plugins",
    "section": "Instagram",
    "label": "Instagram - How to use Instagram",
    "url": "plugins/social-apis.html#how-to-use-instagram"
  },{
    "category": "Plugins",
    "section": "Instagram",
    "label": "Instagram - JavaScript behavior",
    "url": "plugins/social-apis.html#js-behavior"
  },{
    "category": "Plugins",
    "section": "Instagram",
    "label": "Instagram - Objects",
    "url": "plugins/social-apis.html#objects"
  },{
    "category": "Plugins",
    "section": "Instagram",
    "label": "Instagram - Callbacks",
    "url": "plugins/social-apis.html#callbacks"
  },{
    "category": "Plugins",
    "section": "Instagram",
    "label": "Instagram - Methods",
    "url": "plugins/social-apis.html#methods"
  },{
    "category": "Plugins",
    "section": "Facebook",
    "label": "Facebook - Facebook",
    "url": "plugins/social-apis.html#facebook"
  },{
    "category": "Plugins",
    "section": "Facebook",
    "label": "Facebook - How to use Facebook",
    "url": "plugins/social-apis.html#how-to-use-facebook"
  },{
    "category": "Plugins",
    "section": "Facebook",
    "label": "Facebook - Examples",
    "url": "plugins/social-apis.html#facebook-examples"
  },{
    "category": "Plugins",
    "section": "Facebook",
    "label": "Facebook - Page",
    "url": "plugins/social-apis.html#page"
  },{
    "category": "Plugins",
    "section": "Facebook",
    "label": "Facebook - Comments",
    "url": "plugins/social-apis.html#comments"
  },{
    "category": "Plugins",
    "section": "Facebook",
    "label": "Facebook - Post",
    "url": "plugins/social-apis.html#post"
  },{
    "category": "Plugins",
    "section": "Facebook",
    "label": "Facebook - Video",
    "url": "plugins/social-apis.html#video"
  },{
    "category": "Plugins",
    "section": "Facebook",
    "label": "Facebook - Like button",
    "url": "plugins/social-apis.html#like-button"
  },{
    "category": "Plugins",
    "section": "Facebook",
    "label": "Facebook - Share",
    "url": "plugins/social-apis.html#share"
  },{
    "category": "Plugins",
    "section": "Twitter",
    "label": "Twitter - Twitter",
    "url": "plugins/social-apis.html#twitter"
  },{
    "category": "Plugins",
    "section": "Twitter",
    "label": "Twitter - How to use Twitter",
    "url": "plugins/social-apis.html#how-to-use-twitter"
  },{
    "category": "Plugins",
    "section": "Twitter",
    "label": "Twitter - Examples",
    "url": "plugins/social-apis.html#twitter-examples"
  },{
    "category": "Plugins",
    "section": "Twitter",
    "label": "Twitter - Timeline",
    "url": "plugins/social-apis.html#timeline"
  },{
    "category": "Plugins",
    "section": "Twitter",
    "label": "Twitter - Card",
    "url": "plugins/social-apis.html#card"
  },{
    "category": "Plugins",
    "section": "Slick carousel",
    "label": "Slick carousel - How it works",
    "url": "plugins/slick-carousel.html#how-it-works"
  },{
    "category": "Plugins",
    "section": "Slick carousel",
    "label": "Slick carousel - How to use",
    "url": "plugins/slick-carousel.html#how-to-use"
  },{
    "category": "Plugins",
    "section": "Slick carousel",
    "label": "Slick carousel - Examples",
    "url": "plugins/slick-carousel.html#examples"
  },{
    "category": "Plugins",
    "section": "Slick carousel",
    "label": "Slick carousel - Image Slides only",
    "url": "plugins/slick-carousel.html#image-slides-only"
  },{
    "category": "Plugins",
    "section": "Slick carousel",
    "label": "Slick carousel - Text slides only",
    "url": "plugins/slick-carousel.html#text-slides-only"
  },{
    "category": "Plugins",
    "section": "Slick carousel",
    "label": "Slick carousel - With controls",
    "url": "plugins/slick-carousel.html#with-controls"
  },{
    "category": "Plugins",
    "section": "Slick carousel",
    "label": "Slick carousel - With pagination",
    "url": "plugins/slick-carousel.html#with-pagination"
  },{
    "category": "Plugins",
    "section": "Slick carousel",
    "label": "Slick carousel - With numbered pagination",
    "url": "plugins/slick-carousel.html#with-numbered-pagination"
  },{
    "category": "Plugins",
    "section": "Slick carousel",
    "label": "Slick carousel - Autoplay",
    "url": "plugins/slick-carousel.html#autoplay"
  },{
    "category": "Plugins",
    "section": "Slick carousel",
    "label": "Slick carousel - Infinite",
    "url": "plugins/slick-carousel.html#infinite"
  },{
    "category": "Plugins",
    "section": "Slick carousel",
    "label": "Slick carousel - With rows",
    "url": "plugins/slick-carousel.html#with-rows"
  },{
    "category": "Plugins",
    "section": "Slick carousel",
    "label": "Slick carousel - With animation",
    "url": "plugins/slick-carousel.html#with-animation"
  },{
    "category": "Plugins",
    "section": "Slick carousel",
    "label": "Slick carousel - Crossfade",
    "url": "plugins/slick-carousel.html#crossfade"
  },{
    "category": "Plugins",
    "section": "Slick carousel",
    "label": "Slick carousel - Vertical",
    "url": "plugins/slick-carousel.html#vertical"
  },{
    "category": "Plugins",
    "section": "Slick carousel",
    "label": "Slick carousel - Multiple items",
    "url": "plugins/slick-carousel.html#multiple-items"
  },{
    "category": "Plugins",
    "section": "Slick carousel",
    "label": "Slick carousel - Variable width",
    "url": "plugins/slick-carousel.html#variable-width"
  },{
    "category": "Plugins",
    "section": "Slick carousel",
    "label": "Slick carousel - Adaptive height",
    "url": "plugins/slick-carousel.html#adaptive-height"
  },{
    "category": "Plugins",
    "section": "Slick carousel",
    "label": "Slick carousel - Responsive display",
    "url": "plugins/slick-carousel.html#responsive-display"
  },{
    "category": "Plugins",
    "section": "Slick carousel",
    "label": "Slick carousel - Center mode",
    "url": "plugins/slick-carousel.html#center-mode"
  },{
    "category": "Plugins",
    "section": "Slick carousel",
    "label": "Slick carousel - Center slides",
    "url": "plugins/slick-carousel.html#center-slides"
  },{
    "category": "Plugins",
    "section": "Slick carousel",
    "label": "Slick carousel - Slider syncing",
    "url": "plugins/slick-carousel.html#slider-syncing"
  },{
    "category": "Plugins",
    "section": "Slick carousel",
    "label": "Slick carousel - No transition",
    "url": "plugins/slick-carousel.html#no-transition"
  },{
    "category": "Plugins",
    "section": "Slick carousel",
    "label": "Slick carousel - Right-to-left (RTL)",
    "url": "plugins/slick-carousel.html#rtl"
  },{
    "category": "Plugins",
    "section": "Slick carousel",
    "label": "Slick carousel - Helpers",
    "url": "plugins/slick-carousel.html#helpers"
  },{
    "category": "Plugins",
    "section": "Slick carousel",
    "label": "Slick carousel - Arrows",
    "url": "plugins/slick-carousel.html#arrows"
  },{
    "category": "Plugins",
    "section": "Slick carousel",
    "label": "Slick carousel - Paginations",
    "url": "plugins/slick-carousel.html#paginations"
  },{
    "category": "Plugins",
    "section": "Slick carousel",
    "label": "Slick carousel - Numbered paginations",
    "url": "plugins/slick-carousel.html#numbered-paginations"
  },{
    "category": "Plugins",
    "section": "Slick carousel",
    "label": "Slick carousel - Equal height",
    "url": "plugins/slick-carousel.html#equal-height"
  },{
    "category": "Plugins",
    "section": "Slick carousel",
    "label": "Slick carousel - Others",
    "url": "plugins/slick-carousel.html#others"
  },{
    "category": "Plugins",
    "section": "Slick carousel",
    "label": "Slick carousel - JavaScript behavior",
    "url": "plugins/slick-carousel.html#js-behavior"
  },{
    "category": "Plugins",
    "section": "Slick carousel",
    "label": "Slick carousel - Methods",
    "url": "plugins/slick-carousel.html#methods"
  }
]