[
  {
    "label": "Index",
    "category": "Components",
    "url": "index.html"
  },{
    "label": "Cards - Statistics",
    "category": "Components",
    "url": "info.html"
  },{
    "label": "Cards - Info",
    "category": "Components",
    "url": "stats.html"
  },{
    "label": "Charts",
    "category": "Components",
    "url": "stats.html"
  },{
    "label": "Clients",
    "category": "Components",
    "url": "clients.html"
  },{
    "label": "Collapse",
    "category": "Components",
    "url": "collapse.html"
  },{
    "label": "Call-to-action (CTA)",
    "category": "Components",
    "url": "cta.html"
  },{
    "label": "Datatables",
    "category": "Components",
    "url": "datatables.html"
  },{
    "label": "Footers",
    "category": "Components",
    "url": "footers.html"
  },{
    "label": "Form layouts",
    "category": "Components",
    "url": "form-layouts.html"
  },{
    "label": "Gallery",
    "category": "Components",
    "url": "gallery.html"
  },{
    "label": "Header layouts",
    "category": "Components",
    "url": "header-layouts.html"
  },{
    "label": "Hero",
    "category": "Components",
    "url": "hero.html"
  },{
    "label": "Hero products",
    "category": "Components",
    "url": "hero-products.html"
  },{
    "label": "Hero subscribe",
    "category": "Components",
    "url": "hero-subscribe.html"
  },{
    "label": "Icon blocks",
    "category": "Components",
    "url": "icon-blocks.html"
  },{
    "label": "Indicators",
    "category": "Components",
    "url": "indicators.html"
  },{
    "label": "Info",
    "category": "Components",
    "url": "info.html"
  },{
    "label": "Modal window",
    "category": "Components",
    "url": "modal-window.html"
  },{
    "label": "Media objects",
    "category": "Components",
    "url": "modal-objects.html"
  },{
    "label": "Notification",
    "category": "Components",
    "url": "notification.html"
  },{
    "label": "Navs",
    "category": "Components",
    "url": "tabs.html"
  },{
    "label": "News blogs",
    "category": "Components",
    "url": "news-blogs.html"
  },{
    "label": "Pagination",
    "category": "Components",
    "url": "pagination.html"
  },{
    "label": "Pricing",
    "category": "Components",
    "url": "pricing.html"
  },{
    "label": "Sidebar examples",
    "category": "Components",
    "url": "sidebar-examples.html"
  },{
    "label": "Statistics",
    "category": "Components",
    "url": "stats.html"
  },{
    "label": "SVG blocks",
    "category": "Components",
    "url": "svg-blocks.html"
  },{
    "label": "Tabs",
    "category": "Components",
    "url": "tabs.html"
  },{
    "label": "Team",
    "category": "Components",
    "url": "team.html"
  },{
    "label": "Testimonials",
    "category": "Components",
    "url": "testimonials.html"
  },{
    "label": "Video player",
    "category": "Components",
    "url": "video-player.html"
  },{
    "category": "Header layouts",
    "label": "Headers",
    "url": "header-layouts.html#headers"
  },{
    "category": "Header layouts",
    "label": "Header layouts - Collapse breakpoint",
    "url": "header-layouts.html#header-default-collapse-breakpoint"
  },{
    "category": "Header layouts",
    "label": "Header layouts - Logos",
    "url": "header-layouts.html#header-logos"
  },{
    "category": "Header layouts",
    "label": "Header layouts - Alignments",
    "url": "header-layouts.html#header-alignments"
  },{
    "category": "Header layouts",
    "label": "Header layouts - Events",
    "url": "header-layouts.html#header-events"
  },{
    "category": "Header layouts",
    "label": "Header layouts - Absolute top",
    "url": "header-layouts.html#header-default-absolute-top"
  },{
    "category": "Header layouts",
    "label": "Header layouts - Absolute bottom",
    "url": "header-layouts.html#header-default-absolute-bottom"
  },{
    "category": "Header layouts",
    "label": "Header layouts - Absolute second screen",
    "url": "header-layouts.html#header-default-absolute-second-screen"
  },{
    "category": "Header layouts",
    "label": "Header layouts - Absolute top center aligned logo on top",
    "url": "header-layouts.html#header-default-absolute-top-center-aligned-logo-on-top"
  },{
    "category": "Header layouts",
    "label": "Header layouts - Sticky top",
    "url": "header-layouts.html#header-default-sticky-top"
  },{
    "category": "Header layouts",
    "label": "Header layouts - Sticky bottom",
    "url": "header-layouts.html#header-default-sticky-bottom"
  },{
    "category": "Header layouts",
    "label": "Header layouts - Toggle style",
    "url": "header-layouts.html#header-default-toggle-style"
  },{
    "category": "Header layouts",
    "label": "Header layouts - Floating",
    "url": "header-layouts.html#header-default-floating"
  },{
    "category": "Header layouts",
    "label": "Header layouts - With topbar",
    "url": "header-layouts.html#header-with-topbar"
  },{
    "category": "Header layouts",
    "label": "Header layouts - On scroll behavior",
    "url": "header-layouts.html#header-onscroll-behavior"
  },{
    "category": "Header layouts",
    "label": "Header layouts - Transparent",
    "url": "header-layouts.html#header-default-transparent"
  },{
    "category": "Header layouts",
    "label": "Header layouts - Color schemes",
    "url": "header-layouts.html#header-default-color-schemes"
  },{
    "category": "Header layouts",
    "label": "Header layouts - Navbar horizontal scroll",
    "url": "header-layouts.html#header-default-navbar-horizontal-scroll"
  },{
    "category": "Header layouts",
    "label": "Header layouts - One-page navigation",
    "url": "header-layouts.html#header-default-one-page-navigation"
  },{
    "category": "Header layouts",
    "label": "Header layouts - Fullscreen",
    "url": "header-layouts.html#header-fullscreen"
  },{
    "category": "Header layouts",
    "label": "Header layouts - Search",
    "url": "header-layouts.html#search"
  },{
    "category": "Header layouts",
    "label": "Header layouts - Account",
    "url": "header-layouts.html#account"
  },{
    "category": "Header layouts",
    "label": "Header layouts - Shopping cart",
    "url": "header-layouts.html#shopping-cart"
  },{
    "category": "Header layouts",
    "label": "Header layouts - Sidebar on Hamburger button",
    "url": "header-layouts.html#header-sidebar"
  }
]